Index,Start X,Start Y,End X,End Y,Image Width,Image Height
0,383.3932385268532,589.6754701255405,383.3932385268532,496.4317341251238,837,1024
1,319.84164192321725,495.3899046726052,383.3932385268532,496.4317341251238,837,1024
2,383.3932385268532,496.4317341251238,382.8723238005939,342.76188987862696,837,1024
